{"cameraMode":{"drawMode":0,"name":"Shaded","section":"Shading Mode"},"sceneLighting":true,"audioPlay":false,"sceneViewState":{"showFog":true,"showMaterialUpdate":true,"showSkybox":true,"showFlares":true,"showImageEffects":true,"showParticleSystems":true},"in2DMode":false,"pivot":{"x":-0.1660107672214508,"y":0.7879135608673096,"z":0.650848388671875},"rotation":{"x":0.08271490782499314,"y":-0.004490302409976721,"z":0.00036309115239419043,"w":0.9965802431106567},"size":7.4752302169799809,"orthographic":false}