{"cameraMode":{"drawMode":0,"name":"Shaded","section":"Shading Mode"},"sceneLighting":true,"audioPlay":false,"sceneViewState":{"showFog":true,"showMaterialUpdate":true,"showSkybox":true,"showFlares":true,"showImageEffects":true,"showParticleSystems":true},"in2DMode":false,"pivot":{"x":3.5573806762695314,"y":31.011566162109376,"z":-12.258691787719727},"rotation":{"x":0.5771971940994263,"y":0.007339706178754568,"z":-0.005200130399316549,"w":0.8165761232376099},"size":4.745646953582764,"orthographic":false}