{"cameraMode":{"drawMode":0,"name":"Shaded","section":"Shading Mode"},"sceneLighting":true,"audioPlay":false,"sceneViewState":{"showFog":true,"showMaterialUpdate":true,"showSkybox":false,"showFlares":true,"showImageEffects":true,"showParticleSystems":true},"in2DMode":false,"pivot":{"x":-0.6444849967956543,"y":-2.3192262649536135,"z":-9.192038536071778},"rotation":{"x":0.5832184553146362,"y":-0.015847699716687204,"z":0.011368894018232823,"w":0.812102198600769},"size":7.479885101318359,"orthographic":false}