{"cameraMode":{"drawMode":0,"name":"Shaded","section":"Shading Mode"},"sceneLighting":true,"audioPlay":false,"sceneViewState":{"showFog":true,"showMaterialUpdate":true,"showSkybox":true,"showFlares":true,"showImageEffects":true,"showParticleSystems":true},"in2DMode":false,"pivot":{"x":-2.425828456878662,"y":-0.6207771301269531,"z":6.2612409591674809},"rotation":{"x":0.4839305579662323,"y":-0.13417625427246095,"z":0.07536581158638,"w":0.8614901304244995},"size":8.912869453430176,"orthographic":false}