{"cameraMode":{"drawMode":0,"name":"Shaded","section":"Shading Mode"},"sceneLighting":true,"audioPlay":false,"sceneViewState":{"showFog":true,"showMaterialUpdate":true,"showSkybox":true,"showFlares":true,"showImageEffects":true,"showParticleSystems":true},"in2DMode":false,"pivot":{"x":1.0558990240097047,"y":-6.1019392013549809,"z":-1.8941640853881837},"rotation":{"x":0.4708370268344879,"y":0.0409892201423645,"z":-0.021913310512900354,"w":0.8810122609138489},"size":13.689422607421875,"orthographic":false}