{"cameraMode":{"drawMode":0,"name":"Shaded","section":"Shading Mode"},"sceneLighting":true,"audioPlay":false,"sceneViewState":{"showFog":true,"showMaterialUpdate":true,"showSkybox":true,"showFlares":true,"showImageEffects":true,"showParticleSystems":true},"in2DMode":false,"pivot":{"x":-2.7984511852264406,"y":0.31062889099121096,"z":0.47690868377685549},"rotation":{"x":0.2671659290790558,"y":0.09520801901817322,"z":-0.026531975716352464,"w":0.9585933685302734},"size":6.049742698669434,"orthographic":false}